<?xml version="1.0" encoding="UTF-8"?>
<project-private xmlns="http://www.netbeans.org/ns/project-private/1">
    <editor-bookmarks xmlns="http://www.netbeans.org/ns/editor-bookmarks/2" lastBookmarkId="0"/>
    <open-files xmlns="http://www.netbeans.org/ns/projectui-open-files/2">
        <group>
            <file>file:/C:/Users/silve/OneDrive/Documents/IngenieriaDeSoftware/factory/src/factory/Factory.java</file>
            <file>file:/C:/Users/silve/OneDrive/Documents/IngenieriaDeSoftware/factory/src/factory/SnackFactory.java</file>
            <file>file:/C:/Users/silve/OneDrive/Documents/IngenieriaDeSoftware/factory/src/factory/CelularFactory.java</file>
            <file>file:/C:/Users/silve/OneDrive/Documents/IngenieriaDeSoftware/factory/src/ico/fes/is/celulares/Huawei.java</file>
            <file>file:/C:/Users/silve/OneDrive/Documents/IngenieriaDeSoftware/factory/src/ico/fes/is/celulares/Celular.java</file>
            <file>file:/C:/Users/silve/OneDrive/Documents/IngenieriaDeSoftware/factory/src/ico/fes/is/celulares/Iphone.java</file>
            <file>file:/C:/Users/silve/OneDrive/Documents/IngenieriaDeSoftware/factory/src/ico/fes/is/celulares/Samgung.java</file>
            <file>file:/C:/Users/silve/OneDrive/Documents/IngenieriaDeSoftware/factory/src/ico/fes/is/factory/CelFactoryi.java</file>
        </group>
    </open-files>
</project-private>
